{"mae": 2.3799197524366233, "r2": 0.7443993496942023, "last_trained": "22-12-2025 22:07"}